[
    {
        "objectID": "1",
        "nome": "Raulan",
        "cpf": "12345678901",
        "email": "raulan@unochapeco.edu.br",
        "amigos": ["2", "3"]
    },
    {
        "objectID": "2",
        "nome": "Joao",
        "cpf": "23456789012",
        "email": "joao@unochapeco.edu.br",
        "amigos": ["1", "3"]
    },
    {
        "objectID": "3",
        "nome": "Gabriel",
        "cpf": "34567890123",
        "email": "gabriel@unochapeco.edu.br",
        "amigos": ["1", "2"]
    }
]


